{"Operating Income": {"Linear": [1210.6562, 871.9145952399998, 627.9528914918478, 452.25167245242875, 325.71165450023915], "Weighted": [1210.6562, 871.9145952399998, 627.9528914918478, 452.25167245242875, 325.71165450023915], "Combined": [1210.6562, 871.9145952399998, 627.9528914918478, 452.25167245242875, 325.71165450023915]}, "Depreciation": {"Linear": [606.298, 592.8988142, 579.79575040618, 566.9822643222034, 554.4519562806827], "Weighted": [606.298, 592.8988142, 579.79575040618, 566.9822643222034, 554.4519562806827], "Combined": [606.298, 592.8988142, 579.79575040618, 566.9822643222034, 554.4519562806827]}, "CapEx": {"Linear": [2227.548, 5587.804157999999, 14017.006730342997, 35161.6613830654, 88203.02757941955], "Weighted": [2227.548, 5587.804157999999, 14017.006730342997, 35161.6613830654, 88203.02757941955], "Combined": [2227.548, 5587.804157999999, 14017.006730342997, 35161.6613830654, 88203.02757941955]}, "Working Capital": {"Linear": [1057.0028, -2460.9139189599996, 5729.49978612267, -13339.4214020508, 31056.84090825467], "Weighted": [1057.0028, -2460.9139189599996, 5729.49978612267, -13339.4214020508, 31056.84090825467], "Combined": [1057.0028, -2460.9139189599996, 5729.49978612267, -13339.4214020508, 31056.84090825467]}, "Interest Expense": {"Linear": [119.63, 81.779068, 55.904170884799996, 38.21609121684928, 26.124519955838167], "Weighted": [119.63, 81.779068, 55.904170884799996, 38.21609121684928, 26.124519955838167], "Combined": [119.63, 81.779068, 55.904170884799996, 38.21609121684928, 26.124519955838167]}}